variant_id	chrom	pos	rsid	supplied_origin	derived_origin	agrees
1:1000100 rsDEMO1 C>T	1	1000100	rsDEMO1	paternal	paternal	True
1:1000200 rsDEMO2 G>A	1	1000200	rsDEMO2	maternal	maternal	True
2:2000300 rsDEMO3 A>G	2	2000300	rsDEMO3	paternal	paternal	True
3:3000400 T>TA	3	3000400	.	maternal	maternal	True
6:31000500 rsDEMO5 C>A	6	31000500	rsDEMO5	paternal	paternal	True
4:4000600 rsDEMO6 G>C	4	4000600	rsDEMO6	maternal	maternal	True
5:5000700 rsDEMO7 A>T	5	5000700	rsDEMO7	paternal	paternal	True
7:7000800 CG>C	7	7000800	.	maternal	maternal	True
13:13000900 rsDEMO9 C>T	13	13000900	rsDEMO9	maternal	maternal	True
