Protein id	Contig id	Start	Stop	Strand	Element symbol	Element name	Scope	Type	Subtype	Class	Subclass	Method	Target length	Reference sequence length	% Coverage of reference	% Identity to reference	Alignment length	Closest reference accession	Closest reference name	HMM accession	HMM description
NA	contig_1	410	3034	+	gyrA_S83L	Escherichia quinolone resistant GyrA	core	AMR	POINT	QUINOLONE	QUINOLONE	POINTX	875	875	100.00	99.77	875	SYNTHETIC	Escherichia quinolone resistant GyrA	NA	NA
NA	contig_1	410	3034	+	gyrA_D87N	Escherichia quinolone resistant GyrA	core	AMR	POINT	QUINOLONE	QUINOLONE	POINTX	875	875	100.00	99.77	875	SYNTHETIC	Escherichia quinolone resistant GyrA	NA	NA
NA	contig_1	3300	5555	-	parC_S80I	Escherichia quinolone resistant ParC	core	AMR	POINT	QUINOLONE	QUINOLONE	POINTX	752	752	100.00	99.73	752	SYNTHETIC	Escherichia quinolone resistant ParC	NA	NA
NA	contig_1	3300	5555	-	parC_E84V	Escherichia quinolone resistant ParC	core	AMR	POINT	QUINOLONE	QUINOLONE	POINTX	752	752	100.00	99.73	752	SYNTHETIC	Escherichia quinolone resistant ParC	NA	NA
NA	contig_1	5700	7589	+	parE_I529L	Escherichia quinolone resistant ParE	core	AMR	POINT	QUINOLONE	QUINOLONE	POINTX	630	630	100.00	99.84	630	SYNTHETIC	Escherichia quinolone resistant ParE	NA	NA
NA	contig_1	7700	8830	+	blaEC	BlaEC family class C beta-lactamase	core	AMR	AMR	BETA-LACTAM	CEPHALOSPORIN	BLASTX	377	377	100.00	98.94	377	SYNTHETIC	BlaEC family class C beta-lactamase	NA	NA
NA	contig_2	150	1022	+	blaCTX-M-15	class A extended-spectrum beta-lactamase CTX-M-15	core	AMR	AMR	BETA-LACTAM	CEPHALOSPORIN	ALLELEX	291	291	100.00	100.00	291	SYNTHETIC	class A extended-spectrum beta-lactamase CTX-M-15	NA	NA
NA	contig_2	1300	2127	-	blaOXA-1	oxacillin-hydrolyzing class D beta-lactamase OXA-1	core	AMR	AMR	BETA-LACTAM	BETA-LACTAM	ALLELEX	276	276	100.00	100.00	276	SYNTHETIC	oxacillin-hydrolyzing class D beta-lactamase OXA-1	NA	NA
NA	contig_2	2400	2996	-	aac(6')-Ib-cr5	fluoroquinolone-acetylating aminoglycoside 6'-N-acetyltransferase AAC(6')-Ib-cr5	core	AMR	AMR	AMINOGLYCOSIDE/QUINOLONE	AMIKACIN/KANAMYCIN/QUINOLONE/TOBRAMYCIN	EXACTX	199	199	100.00	100.00	199	SYNTHETIC	fluoroquinolone-acetylating aminoglycoside 6'-N-acetyltransferase AAC(6')-Ib-cr5	NA	NA
NA	contig_2	1	414	-	catB3	type B-3 chloramphenicol O-acetyltransferase CatB3	core	AMR	AMR	PHENICOL	CHLORAMPHENICOL	PARTIAL_CONTIG_ENDX	138	210	65.71	100.00	138	SYNTHETIC	type B-3 chloramphenicol O-acetyltransferase CatB3	NA	NA
NA	contig_3	200	1036	+	sul1	sulfonamide-resistant dihydropteroate synthase Sul1	core	AMR	AMR	SULFONAMIDE	SULFONAMIDE	EXACTX	279	279	100.00	100.00	279	SYNTHETIC	sulfonamide-resistant dihydropteroate synthase Sul1	NA	NA
NA	contig_3	1100	1444	+	qacEdelta1	quaternary ammonium compound efflux SMR transporter QacE delta 1	plus	STRESS	BIOCIDE	QUATERNARY AMMONIUM	QUATERNARY AMMONIUM	EXACTX	115	115	100.00	100.00	115	SYNTHETIC	quaternary ammonium compound efflux SMR transporter QacE delta 1	NA	NA
NA	contig_3	1600	2385	+	aadA5	ANT(3'')-Ia family aminoglycoside nucleotidyltransferase AadA5	core	AMR	AMR	AMINOGLYCOSIDE	STREPTOMYCIN	EXACTX	262	262	100.00	100.00	262	SYNTHETIC	ANT(3'')-Ia family aminoglycoside nucleotidyltransferase AadA5	NA	NA
NA	contig_3	2500	2970	+	dfrA17	trimethoprim-resistant dihydrofolate reductase DfrA17	core	AMR	AMR	TRIMETHOPRIM	TRIMETHOPRIM	EXACTX	157	157	100.00	100.00	157	SYNTHETIC	trimethoprim-resistant dihydrofolate reductase DfrA17	NA	NA
NA	contig_3	3100	4002	-	mph(A)	Mph(A) family macrolide 2'-phosphotransferase	core	AMR	AMR	MACROLIDE	MACROLIDE	EXACTX	301	301	100.00	100.00	301	SYNTHETIC	Mph(A) family macrolide 2'-phosphotransferase	NA	NA
NA	contig_3	4100	4996	+	tet(A)	tetracycline efflux MFS transporter Tet(A)	core	AMR	AMR	TETRACYCLINE	TETRACYCLINE	BLASTX	399	399	100.00	99.75	399	SYNTHETIC	tetracycline efflux MFS transporter Tet(A)	NA	NA
